Workbook

Sheet Sheet1
A1: Class | B1: Subject | C1: Chapter No. | D1: Chapter Title | E1: File Name | F1: URL
A2: 11 | B2: Maths | C2: 1 | D2: Sets | E2: kemh101.pdf | F2: =_xlfn.CONCAT(Sheet2!$A$1,Sheet1!A2,"/",Sheet1!B2,"/",Sheet1!E2) -> https://kalidasa.blob.core.windows.net/Feedback/11/Maths/kemh101.pdf
A3: 11 | B3: Maths | C3: 2 | D3: Relations and Functions | E3: kemh102.pdf | F3: =_xlfn.CONCAT(Sheet2!$A$1,Sheet1!A3,"/",Sheet1!B3,"/",Sheet1!E3) -> https://kalidasa.blob.core.windows.net/Feedback/11/Maths/kemh102.pdf
A4: 11 | B4: Maths | C4: 3 | D4: Trigonometric Functions | E4: kemh103.pdf | F4: =_xlfn.CONCAT(Sheet2!$A$1,Sheet1!A4,"/",Sheet1!B4,"/",Sheet1!E4) -> https://kalidasa.blob.core.windows.net/Feedback/11/Maths/kemh103.pdf
A5: 11 | B5: Maths | C5: 4 | D5: Complex Numbers and Quadratic Equations | E5: kemh104.pdf | F5: =_xlfn.CONCAT(Sheet2!$A$1,Sheet1!A5,"/",Sheet1!B5,"/",Sheet1!E5) -> https://kalidasa.blob.core.windows.net/Feedback/11/Maths/kemh104.pdf
A6: 11 | B6: Maths | C6: 5 | D6: Linear Inequalities | E6: kemh105.pdf | F6: =_xlfn.CONCAT(Sheet2!$A$1,Sheet1!A6,"/",Sheet1!B6,"/",Sheet1!E6) -> https://kalidasa.blob.core.windows.net/Feedback/11/Maths/kemh105.pdf
A7: 11 | B7: Maths | C7: 6 | D7: Permutations and Combinations | E7: kemh106.pdf | F7: =_xlfn.CONCAT(Sheet2!$A$1,Sheet1!A7,"/",Sheet1!B7,"/",Sheet1!E7) -> https://kalidasa.blob.core.windows.net/Feedback/11/Maths/kemh106.pdf
A8: 11 | B8: Maths | C8: 7 | D8: Binomial Theorem | E8: kemh107.pdf | F8: =_xlfn.CONCAT(Sheet2!$A$1,Sheet1!A8,"/",Sheet1!B8,"/",Sheet1!E8) -> https://kalidasa.blob.core.windows.net/Feedback/11/Maths/kemh107.pdf
A9: 11 | B9: Maths | C9: 8 | D9: Sequences and Series | E9: kemh108.pdf | F9: =_xlfn.CONCAT(Sheet2!$A$1,Sheet1!A9,"/",Sheet1!B9,"/",Sheet1!E9) -> https://kalidasa.blob.core.windows.net/Feedback/11/Maths/kemh108.pdf
A10: 11 | B10: Maths | C10: 9 | D10: Straight Lines | E10: kemh109.pdf | F10: =_xlfn.CONCAT(Sheet2!$A$1,Sheet1!A10,"/",Sheet1!B10,"/",Sheet1!E10) -> https://kalidasa.blob.core.windows.net/Feedback/11/Maths/kemh109.pdf
A11: 11 | B11: Maths | C11: 10 | D11: Conic Sections | E11: kemh110.pdf | F11: =_xlfn.CONCAT(Sheet2!$A$1,Sheet1!A11,"/",Sheet1!B11,"/",Sheet1!E11) -> https://kalidasa.blob.core.windows.net/Feedback/11/Maths/kemh110.pdf
A12: 11 | B12: Maths | C12: 11 | D12: Introduction to Three Dimensional Geometry | E12: kemh111.pdf | F12: =_xlfn.CONCAT(Sheet2!$A$1,Sheet1!A12,"/",Sheet1!B12,"/",Sheet1!E12) -> https://kalidasa.blob.core.windows.net/Feedback/11/Maths/kemh111.pdf
A13: 11 | B13: Maths | C13: 12 | D13: Limits and Derivatives | E13: kemh112.pdf | F13: =_xlfn.CONCAT(Sheet2!$A$1,Sheet1!A13,"/",Sheet1!B13,"/",Sheet1!E13) -> https://kalidasa.blob.core.windows.net/Feedback/11/Maths/kemh112.pdf
... A38: 11 | B38: Chemistry | C38: 9 | D38: Hydrocarbons | E38: kech203.pdf | F38: =_xlfn.CONCAT(Sheet2!$A$1,Sheet1!A38,"/",Sheet1!B38,"/",Sheet1!E38) -> https://kalidasa.blob.core.windows.net/Feedback/11/Chemistry/kech203.pdf

Sheet Sheet2
A1: https://kalidasa.blob.core.windows.net/Feedback/
